[{
    "username": "pablo",
    "firstName": "Pablo",
    "lastName": "Olivares",
    "gender": "Hombre",
    "profileURL": "../assets/hombre.png",
    "puntos":"368000"
},
{
    "username": "juana",
    "firstName": "Juana",
    "lastName": "Dama",
    "gender": "Mujer",
    "profileURL": "../assets/mujer.png",
    "puntos":"258000"
},
{
    "username": "maria",
    "firstName": "Maria",
    "lastName": "Juana",
    "gender": "Mujer",
    "profileURL": "../assets/mujer.png",
    "puntos":"37000"
},
{
    "username": "roberto",
    "firstName": "Roberto",
    "lastName": "Monstruo",
    "gender": "Hombre",
    "profileURL": "../assets/hombre.png",
    "puntos":"258000000"
},
{
    "username": "pepe",
    "firstName": "Pedro",
    "lastName": "Lepew",
    "gender": "hombre",
    "profileURL": "../assets/hombre.png",
    "puntos":"228000"
},
{
    "username": "analia",
    "firstName": "Analia",
    "lastName": "Mambrú",
    "gender": "Mujer",
    "profileURL": "../assets/mujer.png",
    "puntos":"225000"
}
]